x,y,0
0,10,7
0,46,13
0,47,10
0,48,8
0,52,3
0,80,17
0,81,23
0,113,4
0,121,4
0,250,7
0,251,14
0,252,3
0,253,3
0,254,19
0,255,5
1,29,5
1,44,3
1,46,25
1,47,16
1,48,15
1,49,4
1,50,13
1,51,8
1,80,12
1,81,15
1,113,6
1,114,3
1,115,3
1,202,7
1,252,3
1,253,8
1,254,6
1,255,6
2,43,3
2,45,4
2,46,30
2,47,12
2,48,4
2,49,15
2,81,9
2,97,6
2,112,5
2,113,5
2,114,6
2,251,12
2,252,6
2,253,15
3,42,3
3,49,5
3,96,4
3,97,4
3,112,10
3,113,4
3,114,4
3,115,20
3,250,4
3,251,7
3,252,4
3,253,19
3,254,3
4,43,6
4,46,10
4,47,4
4,97,4
4,114,3
4,252,12
4,253,19
4,254,9
5,45,3
5,46,3
5,50,7
5,118,9
5,132,4
5,133,4
5,134,6
5,190,9
5,252,10
5,253,6
5,254,9
6,47,6
6,51,3
6,131,3
6,132,4
6,134,12
6,174,6
6,175,5
6,176,3
6,186,3
6,189,7
6,190,12
6,254,9
7,3,5
7,13,3
7,14,4
7,16,13
7,134,7
7,136,3
7,173,5
7,174,13
7,185,6
7,187,18
7,188,5
7,189,3
7,190,7
7,203,5
8,15,8
8,16,5
8,17,6
8,18,5
8,48,3
8,147,5
8,174,5
8,175,8
8,176,3
8,187,3
8,190,3
8,191,12
8,192,4
9,16,4
9,17,6
9,18,4
9,21,6
9,49,3
9,54,3
9,145,8
9,146,4
9,147,9
9,148,5
9,149,3
9,158,11
9,159,3
9,174,4
9,184,3
9,185,10
9,186,13
9,187,18
9,188,7
9,190,7
9,191,4
9,192,3
9,193,4
9,194,10
9,212,15
9,213,4
9,248,4
10,19,4
10,23,8
10,53,3
10,146,5
10,147,8
10,148,6
10,149,8
10,150,8
10,158,29
10,159,8
10,184,5
10,185,6
10,194,3
10,213,11
10,214,12
10,215,17
10,216,4
11,0,12
11,2,4
11,6,3
11,24,16
11,25,15
11,26,11
11,27,8
11,28,16
11,29,9
11,53,4
11,85,3
11,147,3
11,148,6
11,149,22
11,156,6
11,158,9
11,159,10
11,165,4
11,183,3
11,212,7
11,213,8
11,214,7
11,215,6
11,216,6
11,217,5
11,222,4
12,25,6
12,29,3
12,53,3
12,85,5
12,86,7
12,87,9
12,147,7
12,148,8
12,149,11
12,150,15
12,152,8
12,153,7
12,154,10
12,155,25
12,156,3
12,157,18
12,158,13
12,159,5
12,160,3
12,161,3
12,162,3
12,163,3
12,164,8
12,168,3
12,212,23
12,213,15
12,214,6
12,215,14
12,216,4
12,217,14
12,222,5
12,226,4
12,228,4
13,85,10
13,86,8
13,147,10
13,149,10
13,150,7
13,152,15
13,153,27
13,154,10
13,155,19
13,156,34
13,157,19
13,158,7
13,159,7
13,160,13
13,161,14
13,162,20
13,212,3
13,213,5
13,214,7
13,216,3
13,217,5
13,218,11
13,219,9
13,220,4
13,222,6
13,227,6
13,228,3
13,229,4
13,231,9
14,53,4
14,55,4
14,85,3
14,86,9
14,87,6
14,148,9
14,149,7
14,152,9
14,153,17
14,154,11
14,155,4
14,156,7
14,157,17
14,158,11
14,159,3
14,217,8
14,219,3
14,220,13
14,221,29
14,222,10
14,223,14
14,224,3
15,54,3
15,55,4
15,56,3
15,85,3
15,86,13
15,87,14
15,148,5
15,149,16
15,150,16
15,151,9
15,152,5
15,153,9
15,154,30
15,155,14
15,156,21
15,157,3
15,158,21
15,220,6
15,221,10
15,222,27
15,223,14
15,225,7
15,226,16
15,227,17
15,228,4
15,229,6
16,1,13
16,86,3
16,88,3
16,138,10
16,149,16
16,150,21
16,151,24
16,152,3
16,153,12
16,154,13
16,155,6
16,156,5
16,157,5
16,158,17
16,159,7
16,223,19
16,224,18
16,225,37
16,226,15
16,228,12
16,231,4
17,86,25
17,87,7
17,89,4
17,139,6
17,148,15
17,149,21
17,150,13
17,151,22
17,152,16
17,153,3
17,155,3
17,158,7
17,159,8
17,223,3
17,228,6
17,231,3
17,233,6
18,85,4
18,86,14
18,87,3
18,147,3
18,148,16
18,149,18
18,150,15
18,151,41
18,152,21
18,153,29
18,154,5
18,233,9
18,234,5
18,236,16
18,237,13
18,238,4
18,255,28
19,6,5
19,85,6
19,86,6
19,87,5
19,148,15
19,151,4
19,153,4
19,162,7
19,163,8
19,234,15
19,235,8
19,236,7
19,237,7
19,238,6
19,254,6
19,255,19
20,5,6
20,37,4
20,59,5
20,105,9
20,136,6
20,163,9
20,164,12
20,236,4
20,237,10
20,238,5
20,239,3
20,254,3
20,255,19
21,52,3
21,58,5
21,59,6
21,60,3
21,104,6
21,105,3
21,106,5
21,146,3
21,147,8
21,148,3
21,162,5
21,163,16
21,164,3
21,204,6
21,205,3
21,206,5
21,239,3
21,251,3
21,254,8
21,255,19
22,56,20
22,58,3
22,59,29
22,60,41
22,61,3
22,99,3
22,105,6
22,106,4
22,149,16
22,150,7
22,157,5
22,161,5
22,162,4
22,163,3
22,164,3
22,239,3
22,255,12
23,14,10
23,48,3
23,59,5
23,60,10
23,61,7
23,65,4
23,88,6
23,105,3
23,106,7
23,151,5
23,159,3
23,160,3
23,161,5
23,162,4
24,3,3
24,15,5
24,122,6
24,123,8
24,197,5
24,200,10
25,20,6
25,22,6
25,61,3
25,90,3
25,123,14
25,124,18
25,125,12
25,126,6
25,127,9
25,128,13
25,149,3
25,196,12
25,197,4
26,7,4
26,9,5
26,25,7
26,51,5
26,53,12
26,55,3
26,62,11
26,122,6
26,123,3
26,125,10
26,126,15
26,127,19
26,128,16
26,129,5
26,130,5
26,190,5
26,194,12
26,195,4
26,213,5
27,48,13
27,49,25
27,50,21
27,51,13
27,52,8
27,53,4
27,55,3
27,61,5
27,122,9
27,123,4
27,124,8
27,125,14
27,130,8
27,193,7
28,4,13
28,5,28
28,6,16
28,7,23
28,8,7
28,33,3
28,47,54
28,48,35
28,49,46
28,50,48
28,51,55
28,52,50
28,53,16
28,54,5
28,61,3
28,122,11
28,123,17
28,130,6
28,140,7
28,159,3
28,193,4
28,194,3
29,4,16
29,5,27
29,6,19
29,7,18
29,8,5
29,9,5
29,12,3
29,15,5
29,29,3
29,30,15
29,31,9
29,33,7
29,34,10
29,44,3
29,45,4
29,47,27
29,48,18
29,49,16
29,50,41
29,51,34
29,52,29
29,53,24
29,54,16
29,122,7
29,123,3
29,130,3
29,159,3
29,185,3
29,192,7
29,193,7
30,3,4
30,4,17
30,5,28
30,6,9
30,7,10
30,9,3
30,10,5
30,11,7
30,19,3
30,21,4
30,22,3
30,28,3
30,30,8
30,31,9
30,32,29
30,33,8
30,40,9
30,41,3
30,42,9
30,43,13
30,44,17
30,45,8
30,48,43
30,50,10
30,51,13
30,52,18
30,53,12
30,54,12
30,55,5
30,63,3
30,123,3
30,124,5
30,130,3
30,193,9
31,4,21
31,5,31
31,6,6
31,13,5
31,15,6
31,16,3
31,32,22
31,33,12
31,35,4
31,40,11
31,41,11
31,42,12
31,43,12
31,44,20
31,45,15
31,49,9
31,50,15
31,51,43
31,52,39
31,53,15
31,54,50
31,55,22
31,56,22
31,70,3
31,122,3
31,125,20
31,126,3
32,4,9
32,5,11
32,6,13
32,7,3
32,13,5
32,39,5
32,40,15
32,41,15
32,42,17
32,43,17
32,44,22
32,45,13
32,49,21
32,50,7
32,51,32
32,52,45
32,53,35
32,54,20
32,55,45
32,56,13
32,70,5
32,92,3
32,93,16
32,94,18
32,95,3
32,121,6
32,122,9
32,125,28
32,126,15
33,4,11
33,5,7
33,6,7
33,40,5
33,41,15
33,42,12
33,43,10
33,45,4
33,49,13
33,50,32
33,51,17
33,52,25
33,53,31
33,54,40
33,55,28
33,56,9
33,58,6
33,61,21
33,63,4
33,91,4
33,92,28
33,93,9
33,94,10
33,124,5
33,125,15
33,126,6
33,127,3
33,138,6
33,156,3
34,5,13
34,6,4
34,43,5
34,49,5
34,50,25
34,51,18
34,52,3
34,53,4
34,54,5
34,55,8
34,56,20
34,57,6
34,59,9
34,61,9
34,71,4
34,92,10
34,93,10
34,94,7
34,95,5
34,96,12
34,97,3
34,125,8
34,127,4
34,138,6
34,172,3
34,173,4
35,4,11
35,5,3
35,50,5
35,51,17
35,52,17
35,54,9
35,55,9
35,56,16
35,57,18
35,58,9
35,59,6
35,60,13
35,61,17
35,62,8
35,89,4
35,92,30
35,93,18
35,94,5
35,95,10
35,96,21
35,97,17
35,98,3
35,128,4
35,145,7
35,172,9
36,7,12
36,12,5
36,21,6
36,51,3
36,52,37
36,53,17
36,54,7
36,55,16
36,57,4
36,58,5
36,59,7
36,60,5
36,63,6
36,64,10
36,92,18
36,93,22
36,94,4
36,95,12
36,96,31
36,97,8
36,98,5
36,145,7
36,146,12
36,147,7
36,232,6
37,7,3
37,52,19
37,53,28
37,54,20
37,60,7
37,61,3
37,63,3
37,66,6
37,96,9
37,97,19
37,98,23
37,144,5
37,145,4
37,228,7
38,53,10
38,60,5
38,62,3
38,65,13
38,66,20
38,91,3
38,96,15
38,97,20
38,98,29
38,99,15
38,100,3
38,156,5
38,160,4
38,228,3
39,62,6
39,63,23
39,64,9
39,65,19
39,66,44
39,91,3
39,96,15
39,97,43
39,98,12
39,99,34
39,100,13
39,101,3
39,103,7
40,9,8
40,62,36
40,63,79
40,65,33
40,66,36
40,67,16
40,70,6
40,103,4
40,104,13
40,105,13
40,106,4
40,107,4
40,172,3
41,9,5
41,13,4
41,61,19
41,62,51
41,63,46
41,64,27
41,65,89
41,66,12
41,67,34
41,70,10
41,71,3
41,73,3
41,96,10
41,103,5
41,104,3
41,105,23
41,106,13
41,107,18
41,108,9
41,145,4
41,146,5
41,161,5
41,172,3
41,173,4
42,9,5
42,21,6
42,61,8
42,62,49
42,63,63
42,64,29
42,65,8
42,67,13
42,68,14
42,69,66
42,70,4
42,72,3
42,95,4
42,96,3
42,97,3
42,102,3
42,103,7
42,104,18
42,105,7
42,106,10
42,107,7
42,173,7
43,1,7
43,23,5
43,60,4
43,62,4
43,63,17
43,64,35
43,65,12
43,66,5
43,67,15
43,68,7
43,69,87
43,70,3
43,71,6
43,73,4
43,74,4
43,75,6
43,96,4
43,100,6
43,101,4
43,102,8
43,105,3
43,173,5
44,7,3
44,27,7
44,29,6
44,63,3
44,64,14
44,65,14
44,66,11
44,67,10
44,68,17
44,69,13
44,70,24
44,71,15
44,72,12
44,73,14
44,103,7
45,2,8
45,19,3
45,20,3
45,27,3
45,61,4
45,62,4
45,63,17
45,64,29
45,65,16
45,66,29
45,67,30
45,68,34
45,69,27
45,70,17
45,71,24
45,72,22
45,101,8
45,133,6
45,143,4
45,165,5
45,177,6
45,244,4
45,245,7
46,15,3
46,16,5
46,63,37
46,64,24
46,65,14
46,66,4
46,67,25
46,68,21
46,69,26
46,70,22
46,71,41
46,72,15
46,123,7
46,124,3
46,125,14
46,132,4
46,133,3
46,145,3
46,176,5
46,233,3
46,243,17
46,244,16
46,245,6
47,10,3
47,14,3
47,16,3
47,63,12
47,64,17
47,65,7
47,66,4
47,67,38
47,68,15
47,69,16
47,70,7
47,71,3
47,122,10
47,123,3
47,124,3
47,126,4
48,3,3
48,45,3
48,63,6
48,64,28
48,65,26
48,66,45
48,67,23
48,68,12
48,69,13
48,70,16
48,71,3
48,122,4
48,123,8
48,124,4
48,125,12
48,126,13
48,139,8
48,175,4
48,245,13
49,4,9
49,5,4
49,64,21
49,65,22
49,66,19
49,67,22
49,69,21
49,70,37
49,71,4
49,98,3
49,123,5
49,124,4
49,144,6
49,172,3
50,27,11
50,36,8
50,37,4
50,65,15
50,66,22
50,67,13
50,68,11
50,69,13
50,70,8
50,71,3
50,72,3
50,99,3
50,144,4
50,165,7
50,167,3
50,168,4
50,234,4
51,12,7
51,22,4
51,27,5
51,28,3
51,35,3
51,36,8
51,37,5
51,38,8
51,65,38
51,66,46
51,67,33
51,68,3
51,72,3
51,99,7
51,145,5
51,165,7
51,167,17
51,168,17
51,169,5
51,236,5
52,10,3
52,35,10
52,36,12
52,37,19
52,65,20
52,66,22
52,67,4
52,68,6
52,75,5
52,145,5
52,153,3
52,164,11
52,165,3
52,166,4
52,167,13
52,168,7
53,6,11
53,7,3
53,21,9
53,37,11
53,38,9
53,67,3
53,68,4
53,145,3
53,152,9
53,159,4
53,165,3
53,166,5
53,167,15
53,207,3
54,6,6
54,21,4
54,22,8
54,37,3
54,68,3
54,69,8
54,70,5
54,101,6
54,144,6
54,145,3
54,155,3
54,163,3
54,167,26
54,182,4
55,4,5
55,101,5
55,133,13
55,159,3
55,167,6
55,182,8
56,41,3
56,45,8
56,49,10
56,97,6
56,133,10
56,134,7
56,144,3
56,180,9
56,181,7
56,182,7
56,209,3
56,214,6
56,215,3
57,20,5
57,45,5
57,47,3
57,48,4
57,49,14
57,50,5
57,74,6
57,97,3
57,107,7
57,108,7
57,133,9
57,134,13
57,136,3
57,153,3
57,166,4
57,181,12
57,214,8
58,48,11
58,49,9
58,50,6
58,106,4
58,107,11
58,108,8
58,109,10
58,110,9
58,132,4
58,133,10
58,134,6
58,144,5
58,154,3
58,166,10
58,170,5
58,181,12
58,208,3
58,212,3
58,213,3
59,18,4
59,19,11
59,20,8
59,48,3
59,101,4
59,105,34
59,106,5
59,108,4
59,118,4
59,131,4
59,132,5
59,133,5
59,143,6
59,145,11
59,147,4
59,153,3
59,154,13
59,181,4
59,182,4
59,212,10
59,215,8
59,216,3
59,235,5
59,236,5
60,27,3
60,101,3
60,103,4
60,104,6
60,105,10
60,106,18
60,128,5
60,130,3
60,131,3
60,132,14
60,133,7
60,142,4
60,143,8
60,144,19
60,145,7
60,146,12
60,152,4
60,154,3
60,167,3
60,171,3
60,182,4
60,211,3
60,214,3
60,215,4
60,216,4
60,217,12
60,218,3
60,235,3
61,103,21
61,104,20
61,105,39
61,106,32
61,128,5
61,129,19
61,130,13
61,131,7
61,132,4
61,133,6
61,134,7
61,141,7
61,142,12
61,143,12
61,144,9
61,145,19
61,149,17
61,170,4
61,214,11
62,20,3
62,26,6
62,54,9
62,103,24
62,104,15
62,105,9
62,106,44
62,107,12
62,133,11
62,134,4
62,141,12
62,142,4
62,144,8
62,145,8
62,168,3
63,57,4
63,102,7
63,103,9
63,106,9
63,107,9
63,134,7
63,135,6
63,140,4
63,141,24
63,174,4
64,0,3
64,6,3
64,57,3
64,105,29
64,106,32
64,107,14
64,141,4
64,142,33
64,152,3
64,154,4
65,0,3
65,104,25
65,105,37
65,106,50
65,107,37
65,113,5
65,141,6
65,151,11
65,155,3
66,47,3
66,102,3
66,103,9
66,104,32
66,105,20
66,106,33
66,109,4
66,112,5
66,113,14
66,114,8
66,150,5
66,151,5
67,45,5
67,75,5
67,102,3
67,103,13
67,104,9
67,105,22
67,106,8
67,107,12
67,108,13
67,109,20
67,110,12
67,111,3
67,112,5
67,113,4
67,147,6
67,148,8
67,156,5
67,158,3
67,174,3
67,175,5
67,229,5
67,230,22
68,38,8
68,76,5
68,103,6
68,104,22
68,105,5
68,106,18
68,107,17
68,108,6
68,110,4
68,111,10
68,112,4
68,151,5
68,154,4
68,157,3
68,161,7
68,162,3
68,163,9
68,227,8
68,228,12
68,231,4
69,37,5
69,104,12
69,111,9
69,117,3
69,161,6
69,162,6
69,163,11
69,164,3
69,226,9
69,227,7
70,25,4
70,37,5
70,39,3
70,66,10
70,68,3
70,104,6
70,105,4
70,111,3
70,121,6
70,122,3
70,123,5
70,148,4
70,162,5
70,163,4
70,226,3
71,20,15
71,21,8
71,22,10
71,66,6
71,67,13
71,70,8
71,122,7
71,123,6
71,164,6
71,165,3
72,4,4
72,20,3
72,21,22
72,22,16
72,67,17
72,68,3
72,70,26
72,71,3
72,73,3
72,78,6
72,79,10
72,103,4
72,164,3
73,2,4
73,4,4
73,19,6
73,20,6
73,21,10
73,22,12
73,23,14
73,24,4
73,62,8
73,67,6
73,68,23
73,70,5
73,71,9
73,72,3
73,73,29
73,74,8
73,78,7
73,79,23
73,103,3
73,165,3
73,225,3
74,18,7
74,19,11
74,20,11
74,21,22
74,22,17
74,23,9
74,51,5
74,52,4
74,62,15
74,63,6
74,67,7
74,68,18
74,71,14
74,72,4
74,73,63
74,74,19
74,78,6
74,79,13
74,200,11
75,19,9
75,20,3
75,21,3
75,22,24
75,23,4
75,51,23
75,52,25
75,53,19
75,54,11
75,55,11
75,56,13
75,57,26
75,62,14
75,63,12
75,68,31
75,70,4
75,71,11
75,72,9
75,73,24
75,74,25
75,78,4
75,79,8
75,80,4
76,19,11
76,22,21
76,23,13
76,24,5
76,52,8
76,53,21
76,54,34
76,55,7
76,56,18
76,57,32
76,58,9
76,68,31
76,69,11
76,70,7
76,71,14
76,72,10
76,73,11
76,74,24
76,78,12
76,79,21
76,80,13
77,21,3
77,22,5
77,23,12
77,51,5
77,52,9
77,53,9
77,54,13
77,55,8
77,56,18
77,57,36
77,58,17
77,60,35
77,67,4
77,68,14
77,69,3
77,70,5
77,74,5
77,78,13
77,79,10
77,80,15
78,26,5
78,51,5
78,52,9
78,53,13
78,54,5
78,55,10
78,56,12
78,57,16
78,58,20
78,60,3
78,63,4
78,68,7
78,69,5
78,70,4
78,71,17
78,79,7
78,80,3
79,6,8
79,26,4
79,53,11
79,56,14
79,57,29
79,58,24
79,59,14
79,60,5
79,61,6
79,62,6
79,63,3
79,70,3
79,71,6
79,78,3
79,151,5
80,4,11
80,53,15
80,54,41
80,55,15
80,56,4
80,57,5
80,58,14
80,59,17
80,60,16
80,61,8
80,62,3
80,63,12
80,71,9
81,18,3
81,53,18
81,54,31
81,55,42
81,56,14
81,61,9
81,62,4
81,63,9
81,71,10
81,126,3
81,199,4
81,254,5
81,255,5
82,8,3
82,17,4
82,55,4
82,63,4
82,64,7
82,71,4
82,125,5
82,152,3
82,184,3
82,198,3
83,8,5
83,71,3
83,72,3
83,183,6
84,7,6
84,45,4
84,46,52
84,71,3
84,72,3
84,73,3
84,126,11
84,130,3
84,131,3
85,34,6
85,45,4
85,46,6
85,73,7
85,86,5
85,178,3
85,197,5
86,6,5
86,51,7
86,73,7
86,82,6
86,138,5
86,163,3
86,164,3
87,74,5
87,137,7
87,138,7
87,198,3
88,73,4
88,79,3
88,137,8
88,138,3
88,168,6
88,204,3
89,72,3
89,80,3
89,81,3
89,136,5
89,169,4
89,184,3
89,193,3
89,205,3
90,45,6
90,55,3
90,136,4
90,152,9
90,182,3
90,213,11
91,5,3
91,17,4
91,45,9
91,46,11
91,47,7
91,80,3
91,166,8
91,167,15
91,168,5
91,179,3
91,217,6
92,3,3
92,17,3
92,19,6
92,44,3
92,45,19
92,47,4
92,59,6
92,65,4
92,66,3
92,164,5
92,165,5
92,166,13
92,167,18
92,169,26
92,170,10
92,176,5
92,178,3
92,180,6
92,184,4
92,221,3
93,64,3
93,130,6
93,163,9
93,164,6
93,165,10
93,166,16
93,167,3
93,168,5
93,169,4
93,170,8
94,76,8
94,132,4
94,164,3
94,165,21
94,175,3
94,183,9
94,207,4
95,3,6
95,37,3
95,85,7
95,86,4
95,113,5
95,118,5
95,132,5
95,162,5
95,163,3
95,164,3
95,165,3
95,179,3
95,182,11
95,200,6
96,84,3
96,112,4
96,113,13
96,114,26
96,117,8
96,130,5
96,162,7
96,163,15
96,164,20
96,165,5
96,166,3
96,177,3
96,182,4
96,200,4
97,75,3
97,112,5
97,113,9
97,116,11
97,117,5
97,118,3
97,161,5
97,162,14
97,163,23
97,164,4
97,182,16
97,183,7
97,200,4
97,220,3
98,113,12
98,114,19
98,115,23
98,116,5
98,163,8
98,180,3
98,183,3
98,188,3
98,197,3
98,205,3
98,207,3
98,208,4
98,217,4
99,79,4
99,111,19
99,112,12
99,113,8
99,114,15
99,115,6
99,179,8
99,204,8
99,205,3
99,206,4
99,207,8
99,209,3
99,217,7
99,224,3
100,78,3
100,84,6
100,111,3
100,113,14
100,114,16
100,190,5
100,206,6
100,207,12
100,209,26
100,217,7
101,13,8
101,33,5
101,113,5
101,114,18
101,115,3
101,189,5
101,205,6
101,206,3
101,207,4
101,208,3
101,244,3
102,13,12
102,14,12
102,79,3
102,114,5
102,115,3
102,154,5
102,155,3
102,156,6
102,167,5
102,187,8
102,191,3
102,205,16
102,207,11
102,208,8
102,209,5
102,212,3
103,14,3
103,20,7
103,54,6
103,55,6
103,177,4
103,178,3
103,179,3
103,180,4
103,205,3
103,207,5
103,210,4
103,211,3
103,212,55
103,213,11
103,214,9
103,215,3
103,216,11
103,217,7
103,221,5
103,222,5
104,1,4
104,12,6
104,20,3
104,24,4
104,80,9
104,179,8
104,180,3
104,199,4
104,210,10
104,211,22
104,212,3
104,213,6
104,214,5
104,215,6
104,216,3
104,246,3
105,24,8
105,25,9
105,81,9
105,169,6
105,174,6
105,192,3
105,193,3
105,199,5
105,209,4
105,213,4
105,224,5
106,86,3
106,140,6
106,168,4
106,173,5
106,174,3
106,191,3
106,199,3
106,206,5
106,213,9
107,1,4
107,17,3
107,145,3
107,150,4
107,168,11
107,172,12
107,173,24
107,197,4
107,206,3
107,213,3
108,0,13
108,150,3
108,152,6
108,167,6
108,172,9
108,205,3
109,6,6
109,26,5
109,27,3
109,79,29
109,80,28
109,81,16
109,82,8
109,83,22
109,84,13
109,85,12
109,86,3
109,167,3
109,173,8
109,185,6
109,211,5
110,2,8
110,5,6
110,6,5
110,18,3
110,33,7
110,34,17
110,35,3
110,59,18
110,60,13
110,61,10
110,63,9
110,78,28
110,79,34
110,80,8
110,81,3
110,82,4
110,83,56
110,84,49
110,85,36
110,86,11
110,88,4
110,89,3
110,152,3
110,170,3
110,171,4
110,172,4
110,173,5
110,186,4
110,188,3
110,211,3
110,213,4
111,2,4
111,17,4
111,18,6
111,32,15
111,33,8
111,34,3
111,35,7
111,36,14
111,37,8
111,38,8
111,39,8
111,40,3
111,55,3
111,58,3
111,59,15
111,60,13
111,61,10
111,62,16
111,63,23
111,66,14
111,78,24
111,79,18
111,80,20
111,81,29
111,82,16
111,83,32
111,84,19
111,85,15
111,86,6
111,87,12
111,88,5
111,114,11
111,115,14
111,116,4
111,171,13
111,172,24
111,175,6
111,176,3
111,183,4
111,207,5
111,213,3
112,31,7
112,32,20
112,33,7
112,34,8
112,35,4
112,40,7
112,59,11
112,61,7
112,62,10
112,63,15
112,64,45
112,65,20
112,66,29
112,67,11
112,78,17
112,79,16
112,80,23
112,81,27
112,82,28
112,83,17
112,84,34
112,85,19
112,86,27
112,87,12
112,114,4
112,115,22
112,119,5
112,120,8
112,169,4
112,170,19
112,171,41
112,172,17
112,173,12
112,175,19
112,176,7
112,191,6
112,206,3
113,32,5
113,33,25
113,35,5
113,39,5
113,40,6
113,61,7
113,62,23
113,63,25
113,64,7
113,65,22
113,66,23
113,67,5
113,78,18
113,79,21
113,80,40
113,81,17
113,82,24
113,83,23
113,84,47
113,85,52
113,86,21
113,87,13
113,113,21
113,114,19
113,115,27
113,116,4
113,117,9
113,119,18
113,120,20
113,121,21
113,166,3
113,169,13
113,170,38
113,171,34
113,172,5
113,173,27
113,174,12
113,177,6
113,184,3
113,225,6
113,226,3
113,229,3
113,230,4
114,36,11
114,37,6
114,63,7
114,64,24
114,65,14
114,66,23
114,67,15
114,68,14
114,78,17
114,79,33
114,80,15
114,81,23
114,82,25
114,83,42
114,84,28
114,85,22
114,86,6
114,87,3
114,113,17
114,114,25
114,115,25
114,116,15
114,117,13
114,118,28
114,119,13
114,120,27
114,121,8
114,170,15
114,171,13
114,173,13
114,174,26
114,175,14
114,179,4
114,180,16
114,181,9
114,192,3
114,229,3
114,236,3
114,239,4
115,1,6
115,11,7
115,36,3
115,37,4
115,55,4
115,64,13
115,65,9
115,66,15
115,67,12
115,68,7
115,69,6
115,76,5
115,78,23
115,79,14
115,80,11
115,81,31
115,82,36
115,83,23
115,113,20
115,114,39
115,115,16
115,116,21
115,117,6
115,145,3
115,155,6
115,172,3
115,173,10
115,174,18
115,175,7
115,176,10
115,178,3
115,179,4
115,180,19
115,181,21
115,183,3
115,201,5
115,207,3
115,208,4
115,224,5
115,226,3
115,228,3
115,239,3
115,241,3
116,64,26
116,65,14
116,66,3
116,68,10
116,69,5
116,77,7
116,78,3
116,80,6
116,81,5
116,82,9
116,113,32
116,114,21
116,115,11
116,116,8
116,117,8
116,144,6
116,156,3
116,172,20
116,173,25
116,174,6
116,175,3
116,176,54
116,178,12
116,179,14
116,180,3
116,181,18
116,182,28
116,187,6
116,223,4
116,225,9
116,229,6
116,236,3
116,241,9
117,59,3
117,68,3
117,69,4
117,76,4
117,86,3
117,88,5
117,113,8
117,114,29
117,115,25
117,116,13
117,117,8
117,118,7
117,151,4
117,172,18
117,173,18
117,174,43
117,175,12
117,177,15
117,178,13
117,180,28
117,181,5
117,182,33
117,183,3
117,196,4
117,223,4
117,224,3
118,61,3
118,62,3
118,75,3
118,76,11
118,77,3
118,78,3
118,82,4
118,83,3
118,86,16
118,88,12
118,89,3
118,114,23
118,115,37
118,116,30
118,117,23
118,118,14
118,147,4
118,158,5
118,172,14
118,173,34
118,174,28
118,175,16
118,176,6
118,177,55
118,178,19
118,179,3
118,182,3
118,183,9
118,222,7
118,229,3
118,236,5
118,237,5
119,7,11
119,8,4
119,62,10
119,77,3
119,78,8
119,83,3
119,85,7
119,86,33
119,87,9
119,88,27
119,89,15
119,115,11
119,116,39
119,117,12
119,171,26
119,172,27
119,173,10
119,174,3
119,176,3
119,177,21
119,178,22
119,184,3
119,222,6
119,223,3
120,6,4
120,9,3
120,22,3
120,52,3
120,79,6
120,80,10
120,81,4
120,83,4
120,84,3
120,85,41
120,86,17
120,88,10
120,89,7
120,116,4
120,168,6
120,171,8
120,172,3
120,176,11
120,177,15
120,178,27
120,179,9
120,221,5
120,222,11
120,235,4
121,21,5
121,22,5
121,56,11
121,57,3
121,79,22
121,80,17
121,84,19
121,85,6
121,87,3
121,88,8
121,133,3
121,173,4
121,174,12
121,175,11
121,178,6
121,179,26
121,180,7
121,193,5
121,216,4
121,224,4
121,226,4
121,231,4
121,242,4
122,3,3
122,22,4
122,44,6
122,80,23
122,81,4
122,82,4
122,88,3
122,132,9
122,133,12
122,134,12
122,167,25
122,177,18
122,178,11
122,179,14
122,180,8
122,181,20
122,216,3
122,217,5
122,224,3
122,225,4
122,226,9
122,231,3
123,3,4
123,10,3
123,22,8
123,80,7
123,81,17
123,82,4
123,85,6
123,87,3
123,88,11
123,89,3
123,132,8
123,133,12
123,134,27
123,177,4
123,178,18
123,179,54
123,180,13
123,181,53
123,182,7
123,183,3
123,184,3
123,220,7
123,223,3
123,229,3
124,10,14
124,81,19
124,85,10
124,86,9
124,87,4
124,88,12
124,89,11
124,132,7
124,133,18
124,134,4
124,178,44
124,179,41
124,180,23
124,181,19
124,221,5
124,229,8
124,230,3
124,239,11
124,243,3
125,46,5
125,47,6
125,84,10
125,86,3
125,87,3
125,88,10
125,89,19
125,130,3
125,131,4
125,132,3
125,133,27
125,177,11
125,178,39
125,179,14
125,180,50
125,181,25
125,186,3
125,187,11
125,219,7
125,223,3
125,230,3
125,231,6
125,242,7
126,10,3
126,38,4
126,39,3
126,46,7
126,47,14
126,48,4
126,87,11
126,88,14
126,89,9
126,130,23
126,131,18
126,132,16
126,133,6
126,177,30
126,178,27
126,179,32
126,180,26
126,181,11
126,186,25
126,212,3
126,225,4
126,232,3
126,233,4
126,235,4
127,10,3
127,39,7
127,40,17
127,87,6
127,89,9
127,129,12
127,130,25
127,132,4
127,133,3
127,176,13
127,177,38
127,178,39
127,179,27
127,180,21
127,181,3
127,185,4
127,233,3
127,234,3
127,235,10
127,236,4
128,9,8
128,10,8
128,25,3
128,28,7
128,38,5
128,40,12
128,67,4
128,90,3
128,91,5
128,127,6
128,128,22
128,129,18
128,130,19
128,131,14
128,142,11
128,176,8
128,177,48
128,178,33
128,179,14
128,194,6
128,226,5
128,233,3
128,234,3
128,239,4
129,9,5
129,10,10
129,11,7
129,47,5
129,64,10
129,65,11
129,66,35
129,67,10
129,68,4
129,83,6
129,92,3
129,94,5
129,127,3
129,128,37
129,129,25
129,130,11
129,177,38
129,178,8
129,179,6
129,194,3
129,195,5
129,236,3
129,237,5
129,240,3
129,241,3
129,243,6
129,253,5
130,10,3
130,11,14
130,12,5
130,64,18
130,65,46
130,66,18
130,67,9
130,83,3
130,88,3
130,89,4
130,92,8
130,93,3
130,128,16
130,129,4
130,133,5
130,141,3
130,193,3
130,194,3
130,195,18
130,196,6
130,227,5
130,228,4
130,237,10
131,11,8
131,27,7
131,64,15
131,65,18
131,66,36
131,67,30
131,68,21
131,69,5
131,70,5
131,73,5
131,88,3
131,130,3
131,131,4
131,133,4
131,193,3
131,195,4
131,233,5
131,241,7
131,243,6
132,64,6
132,65,19
132,66,13
132,67,16
132,68,20
132,69,19
132,70,8
132,71,9
132,72,7
132,88,5
132,129,3
132,131,4
132,132,4
132,136,3
132,144,3
132,171,4
132,193,4
132,225,3
132,228,3
132,231,5
132,235,5
132,236,4
132,242,4
133,1,5
133,49,14
133,50,6
133,64,8
133,65,26
133,66,19
133,67,9
133,68,31
133,69,3
133,70,12
133,71,29
133,72,18
133,123,6
133,124,4
133,126,10
133,127,3
133,128,4
133,134,3
133,144,7
133,159,3
133,169,4
133,170,9
133,190,3
133,191,6
133,207,4
133,208,5
133,225,6
133,235,4
133,236,5
133,237,6
133,245,3
133,251,4
133,252,8
133,253,3
133,254,8
134,49,6
134,50,6
134,64,3
134,65,25
134,67,14
134,68,48
134,69,24
134,70,14
134,71,15
134,72,34
134,73,17
134,123,27
134,124,13
134,125,8
134,127,12
134,128,3
134,144,10
134,168,6
134,169,8
134,170,5
134,189,5
134,190,15
134,207,8
134,208,8
134,229,3
134,252,3
134,253,7
134,254,8
135,65,22
135,66,4
135,67,4
135,68,40
135,69,16
135,70,4
135,71,17
135,72,26
135,73,16
135,111,3
135,114,4
135,115,9
135,123,14
135,124,19
135,125,9
135,126,4
135,127,3
135,144,4
135,159,4
135,169,5
135,206,4
135,228,4
135,231,3
135,237,3
136,65,12
136,66,10
136,67,8
136,68,8
136,69,8
136,71,17
136,72,40
136,73,10
136,123,6
136,124,26
136,125,8
136,127,3
136,129,4
136,206,5
136,216,6
136,222,5
136,227,10
136,244,3
137,5,10
137,6,3
137,64,5
137,65,6
137,66,5
137,69,4
137,70,17
137,71,4
137,72,32
137,73,13
137,129,10
137,146,3
137,147,3
137,222,4
138,4,3
138,5,8
138,14,6
138,71,8
138,72,11
138,73,5
138,77,3
138,122,4
138,138,3
138,169,3
138,187,8
138,205,3
138,219,6
138,231,5
138,235,6
138,244,6
139,4,3
139,5,5
139,89,5
139,135,4
139,142,4
139,157,4
139,182,9
139,183,22
139,184,3
139,185,3
139,229,8
139,237,3
140,13,4
140,26,10
140,28,3
140,138,8
140,139,4
140,144,5
140,156,7
140,180,3
140,181,3
140,182,17
140,183,8
140,184,6
140,185,19
140,221,5
140,229,5
140,241,7
141,17,5
141,26,6
141,28,3
141,31,4
141,86,3
141,138,3
141,144,7
141,145,3
141,156,5
141,163,17
141,164,10
141,166,3
141,167,9
141,169,4
141,179,3
141,180,6
141,181,12
141,182,6
141,183,3
141,184,9
141,185,3
141,203,5
141,205,7
141,206,3
141,234,4
141,238,3
141,244,4
142,28,5
142,58,3
142,59,12
142,86,9
142,87,8
142,146,3
142,147,3
142,156,3
142,163,3
142,164,10
142,165,14
142,166,4
142,167,20
142,179,3
142,184,7
142,185,16
142,202,4
142,203,5
142,204,14
142,205,19
142,236,3
143,59,3
143,60,3
143,68,5
143,86,9
143,127,7
143,129,3
143,145,5
143,154,4
143,163,3
143,164,10
143,165,8
143,166,7
143,167,3
143,184,7
143,185,6
143,202,20
143,203,5
143,204,7
143,205,18
144,24,4
144,86,6
144,131,3
144,137,5
144,138,6
144,162,3
144,163,7
144,164,19
144,165,5
144,201,3
144,202,12
144,203,19
144,204,14
144,205,16
144,206,8
145,34,5
145,35,14
145,36,4
145,37,21
145,38,20
145,39,7
145,85,11
145,86,26
145,162,7
145,163,13
145,164,34
145,165,24
145,202,4
145,204,3
145,206,3
145,214,7
145,241,6
146,25,5
146,26,9
146,34,19
146,35,18
146,36,17
146,37,8
146,38,34
146,39,38
146,40,10
146,86,17
146,93,3
146,162,26
146,163,11
146,214,3
147,25,6
147,26,4
147,28,3
147,35,3
147,36,7
147,37,17
147,38,15
147,39,22
147,40,32
147,41,6
147,42,3
147,61,5
147,62,9
147,63,10
147,64,10
147,86,4
147,93,6
147,103,15
147,130,12
147,131,7
147,132,13
147,133,4
147,134,3
147,163,6
147,234,4
148,2,4
148,6,3
148,31,6
148,32,3
148,35,6
148,38,4
148,39,10
148,40,31
148,41,3
148,60,7
148,66,39
148,85,4
148,86,5
148,95,9
148,96,6
148,102,30
148,103,23
148,129,3
148,130,21
148,131,5
148,132,12
148,133,8
148,134,5
148,146,3
148,147,4
148,155,3
148,210,5
149,6,9
149,31,6
149,32,7
149,33,13
149,37,14
149,38,17
149,40,4
149,42,3
149,66,75
149,67,34
149,68,15
149,72,4
149,88,9
149,89,3
149,96,3
149,101,24
149,102,36
149,103,17
149,104,19
149,129,6
149,130,32
149,131,5
149,132,20
149,133,8
149,148,3
149,162,4
149,192,7
149,193,4
149,251,7
150,33,15
150,34,13
150,36,3
150,37,19
150,38,5
150,66,44
150,67,51
150,68,52
150,69,28
150,70,3
150,84,7
150,85,14
150,86,22
150,87,22
150,89,3
150,90,3
150,100,4
150,101,28
150,102,35
150,103,38
150,104,44
150,128,5
150,130,3
150,131,10
150,152,3
150,191,3
150,216,6
150,246,4
150,251,9
151,1,5
151,12,4
151,33,14
151,34,11
151,38,19
151,39,6
151,40,6
151,66,28
151,67,26
151,68,22
151,69,18
151,70,5
151,84,44
151,85,49
151,86,43
151,88,4
151,89,6
151,95,3
151,98,41
151,99,51
151,100,27
151,101,23
151,102,27
151,103,24
151,104,45
151,105,3
151,167,8
151,168,3
151,216,9
151,251,3
151,252,7
152,13,4
152,38,20
152,39,36
152,40,14
152,66,46
152,67,30
152,68,20
152,69,18
152,70,21
152,76,3
152,78,6
152,84,52
152,85,28
152,86,35
152,87,12
152,89,3
152,90,51
152,96,8
152,98,24
152,99,85
152,100,19
152,101,18
152,102,37
152,103,23
152,104,16
152,155,3
152,167,5
152,168,3
152,206,3
152,211,4
152,212,11
152,213,7
152,214,9
152,215,3
152,218,5
152,219,6
152,236,4
152,240,5
152,252,3
153,3,3
153,5,3
153,29,5
153,38,24
153,39,21
153,40,14
153,66,31
153,67,34
153,68,19
153,69,17
153,70,7
153,73,3
153,74,18
153,75,15
153,84,53
153,85,110
153,86,6
153,89,9
153,90,60
153,91,5
153,92,6
153,96,3
153,98,13
153,99,29
153,100,24
153,134,5
153,135,3
153,138,4
153,139,3
153,209,3
153,210,12
153,211,9
153,212,5
153,213,3
153,214,8
153,215,5
153,252,10
153,253,5
154,6,3
154,7,7
154,16,6
154,17,3
154,38,5
154,39,11
154,40,5
154,59,3
154,60,7
154,64,30
154,65,10
154,66,8
154,67,13
154,68,18
154,69,7
154,70,33
154,71,3
154,73,20
154,74,41
154,75,43
154,76,46
154,77,22
154,87,3
154,88,11
154,89,4
154,90,49
154,91,5
154,92,23
154,93,16
154,94,15
154,95,12
154,97,20
154,98,7
154,100,8
154,128,3
154,130,3
154,134,7
154,135,4
154,153,7
154,154,3
154,166,12
154,203,7
154,211,11
154,212,9
154,214,5
154,215,14
154,252,8
154,253,10
154,255,3
155,29,5
155,64,14
155,65,4
155,66,17
155,67,24
155,68,36
155,69,39
155,70,16
155,71,3
155,72,3
155,73,21
155,74,28
155,75,24
155,76,23
155,77,101
155,87,14
155,88,28
155,89,6
155,90,7
155,92,35
155,93,33
155,94,23
155,95,41
155,128,4
155,129,13
155,130,7
155,138,6
155,142,3
155,149,8
155,151,3
155,166,4
155,211,15
155,212,40
155,213,4
155,214,5
155,215,21
155,216,16
155,251,5
155,252,4
155,253,3
155,254,6
155,255,16
156,46,6
156,47,7
156,48,7
156,61,6
156,65,3
156,66,14
156,67,18
156,68,20
156,69,11
156,70,11
156,71,3
156,72,5
156,73,42
156,74,42
156,75,21
156,76,47
156,77,123
156,78,23
156,88,3
156,92,30
156,93,48
156,94,37
156,95,79
156,96,7
156,129,24
156,130,22
156,160,3
156,165,3
156,201,3
156,211,3
156,212,25
156,213,25
156,214,11
156,215,7
156,216,6
156,217,4
156,255,5
157,38,4
157,39,3
157,40,10
157,41,10
157,61,11
157,62,13
157,63,6
157,64,6
157,65,22
157,66,12
157,72,23
157,73,25
157,74,60
157,75,37
157,76,56
157,77,67
157,78,34
157,79,4
157,85,3
157,87,3
157,92,22
157,93,40
157,94,17
157,95,41
157,96,27
157,98,3
157,130,15
157,165,6
157,190,4
157,192,3
157,202,4
157,213,3
157,214,12
157,217,13
158,38,9
158,39,18
158,40,6
158,60,11
158,61,3
158,63,6
158,64,8
158,65,10
158,66,15
158,67,38
158,68,14
158,69,19
158,70,16
158,71,27
158,74,12
158,75,21
158,76,18
158,77,36
158,78,116
158,79,15
158,92,32
158,93,30
158,94,23
158,95,35
158,96,34
158,98,3
158,129,3
158,130,18
158,202,3
159,40,3
159,41,8
159,42,3
159,45,3
159,60,9
159,64,6
159,65,13
159,66,20
159,67,18
159,68,8
159,69,24
159,70,36
159,71,43
159,72,4
159,73,3
159,74,43
159,75,41
159,76,30
159,77,27
159,78,8
159,79,4
159,80,11
159,81,12
159,91,3
159,92,74
159,93,33
159,94,13
159,95,9
159,96,83
159,97,28
159,100,4
159,101,3
159,127,9
159,128,17
159,129,8
159,130,27
159,131,18
159,198,4
159,205,3
159,206,3
159,207,3
160,2,6
160,15,3
160,41,4
160,42,9
160,69,11
160,70,8
160,71,19
160,72,28
160,73,19
160,74,18
160,75,32
160,76,29
160,77,31
160,79,24
160,80,13
160,84,15
160,85,3
160,88,3
160,89,3
160,91,6
160,92,6
160,93,22
160,94,5
160,95,64
160,96,105
160,97,112
160,127,23
160,128,23
160,129,30
160,130,4
160,131,11
160,132,14
160,133,41
160,152,6
160,195,4
160,201,10
160,224,7
161,2,4
161,41,17
161,71,7
161,72,9
161,73,59
161,74,16
161,75,42
161,76,14
161,77,7
161,78,23
161,79,31
161,80,31
161,84,36
161,85,19
161,86,25
161,87,14
161,88,20
161,89,34
161,90,38
161,91,44
161,92,44
161,93,28
161,94,4
161,95,41
161,96,61
161,97,130
161,127,22
161,128,33
161,129,6
161,130,13
161,131,7
161,132,28
161,133,11
161,134,10
161,135,5
161,153,4
161,168,5
161,225,3
162,72,11
162,73,18
162,74,39
162,75,14
162,76,68
162,77,24
162,78,46
162,79,24
162,80,46
162,81,4
162,84,8
162,85,44
162,86,17
162,87,3
162,88,29
162,89,36
162,90,42
162,91,40
162,92,47
162,93,60
162,94,72
162,95,179
162,96,93
162,97,145
162,98,29
162,99,3
162,100,5
162,127,7
162,128,38
162,129,41
162,130,34
162,131,7
162,132,17
162,133,19
162,142,6
162,143,5
162,150,3
162,153,4
162,164,5
162,165,6
162,168,7
162,185,3
162,186,7
162,198,3
162,199,4
162,212,3
162,224,3
163,70,7
163,71,13
163,72,7
163,73,6
163,74,10
163,75,55
163,76,19
163,77,58
163,78,49
163,79,61
163,80,34
163,81,6
163,85,33
163,86,44
163,87,110
163,88,36
163,89,25
163,90,37
163,91,50
163,92,9
163,93,33
163,94,120
163,95,183
163,96,53
163,97,61
163,98,26
163,128,37
163,129,51
163,130,22
163,131,31
163,132,26
163,133,12
163,186,5
163,205,5
164,69,10
164,70,16
164,71,22
164,72,19
164,73,16
164,74,10
164,75,22
164,76,20
164,77,28
164,78,64
164,79,30
164,80,6
164,82,3
164,85,46
164,86,52
164,87,67
164,88,166
164,89,44
164,90,44
164,91,23
164,92,3
164,93,37
164,94,54
164,95,76
164,96,152
164,97,42
164,98,48
164,128,21
164,129,22
164,130,15
164,131,14
164,132,18
164,133,21
164,134,18
164,176,4
164,224,3
164,239,4
165,70,7
165,71,5
165,72,7
165,73,13
165,74,14
165,75,14
165,76,19
165,77,108
165,78,11
165,79,50
165,80,22
165,81,3
165,85,21
165,86,35
165,87,43
165,88,104
165,89,86
165,90,44
165,91,12
165,92,17
165,93,23
165,94,39
165,95,57
165,96,45
165,97,31
165,98,36
165,99,4
165,130,3
165,131,3
165,132,10
165,133,17
165,134,10
165,149,3
165,174,3
165,197,5
165,237,18
165,238,28
165,239,38
165,241,5
166,13,12
166,75,12
166,76,33
166,78,3
166,79,8
166,80,29
166,81,13
166,85,22
166,86,30
166,87,35
166,88,197
166,89,17
166,90,49
166,91,18
166,92,37
166,93,7
166,94,11
166,95,11
166,96,19
166,97,26
166,98,14
166,130,5
166,148,11
166,149,3
166,185,4
166,237,19
166,238,36
166,239,26
166,240,59
166,241,16
166,242,10
166,245,38
167,13,3
167,14,8
167,52,3
167,58,3
167,60,3
167,66,3
167,67,3
167,68,4
167,72,8
167,73,7
167,74,15
167,75,36
167,76,14
167,79,9
167,80,20
167,81,95
167,86,26
167,87,9
167,88,12
167,89,7
167,91,31
167,92,36
167,93,24
167,94,19
167,95,24
167,96,64
167,97,59
167,98,47
167,99,75
167,100,4
167,160,3
167,200,3
167,235,16
167,236,22
167,237,34
167,238,10
167,239,29
167,240,25
167,241,10
167,244,14
167,245,45
167,246,28
167,253,3
168,14,4
168,15,3
168,53,3
168,65,3
168,75,13
168,76,3
168,80,4
168,81,24
168,87,24
168,88,25
168,89,36
168,91,14
168,92,21
168,93,21
168,94,19
168,95,24
168,96,36
168,97,45
168,98,64
168,99,83
168,180,6
168,208,3
168,229,12
168,230,6
168,231,3
168,234,8
168,235,30
168,236,9
168,237,13
168,239,9
168,240,3
168,242,6
168,244,19
168,245,69
168,246,29
168,247,10
168,253,3
169,5,5
169,63,3
169,66,14
169,75,3
169,79,3
169,80,32
169,81,18
169,82,13
169,87,29
169,88,36
169,89,146
169,90,26
169,91,10
169,92,30
169,93,14
169,94,9
169,95,25
169,96,39
169,97,60
169,98,30
169,99,121
169,136,3
169,202,7
169,229,13
169,230,7
169,231,3
169,234,6
169,235,9
169,236,7
169,237,10
169,238,16
169,239,6
169,241,17
169,242,25
169,243,9
169,244,29
169,245,41
169,246,43
169,247,25
169,248,5
170,59,3
170,65,10
170,66,5
170,67,3
170,68,5
170,78,6
170,79,6
170,80,31
170,81,27
170,82,4
170,87,6
170,88,38
170,89,47
170,90,45
170,91,20
170,92,39
170,93,43
170,94,12
170,95,20
170,96,78
170,97,58
170,99,30
170,198,11
170,201,7
170,202,3
170,229,13
170,230,4
170,237,42
170,238,21
170,239,14
170,240,4
170,241,3
170,242,28
170,243,20
170,244,9
170,245,44
170,246,33
170,247,7
171,62,3
171,79,3
171,80,12
171,81,9
171,89,16
171,90,27
171,91,19
171,92,41
171,93,24
171,94,33
171,95,12
171,96,146
171,97,36
171,132,6
171,133,6
171,136,6
171,137,45
171,138,7
171,139,7
171,140,9
171,141,8
171,198,4
171,236,5
171,237,7
171,238,4
171,239,34
171,240,10
171,241,15
171,242,35
171,243,27
171,244,34
171,245,34
171,246,21
172,15,4
172,91,17
172,92,31
172,93,33
172,94,18
172,95,17
172,96,59
172,132,13
172,133,11
172,134,19
172,135,3
172,136,9
172,137,13
172,138,17
172,140,18
172,141,9
172,234,3
172,235,10
172,236,10
172,238,10
172,239,5
172,240,11
172,244,4
172,245,24
172,246,3
173,67,5
173,92,12
173,93,23
173,94,15
173,95,30
173,133,4
173,134,10
173,135,11
173,136,4
173,137,16
173,138,17
173,139,24
173,140,17
173,141,4
173,165,3
173,208,7
173,234,6
173,235,13
173,236,13
174,22,8
174,93,11
174,94,14
174,95,35
174,96,4
174,133,15
174,134,5
174,135,16
174,136,3
174,137,10
174,138,25
174,139,11
174,140,5
174,141,3
174,142,5
174,181,7
174,182,3
174,227,3
174,234,3
174,242,7
175,55,5
175,94,8
175,95,34
175,96,10
175,133,7
175,134,3
175,135,7
175,136,3
175,138,14
175,139,19
175,160,5
175,161,3
175,181,6
175,182,4
175,234,3
176,15,6
176,52,3
176,72,3
176,95,7
176,96,9
176,97,11
176,117,12
176,134,4
176,135,6
176,138,8
176,139,8
176,150,4
176,180,5
176,181,14
176,182,7
176,227,4
176,233,5
176,240,3
177,22,5
177,49,3
177,50,3
177,51,3
177,52,10
177,53,3
177,54,10
177,72,3
177,96,4
177,97,7
177,114,3
177,133,3
177,138,5
177,139,24
177,150,3
177,151,10
177,179,3
177,182,6
177,204,3
177,253,3
178,10,3
178,38,3
178,40,3
178,52,9
178,53,9
178,96,3
178,97,6
178,207,19
179,159,5
179,160,4
179,161,5
179,182,5
179,188,7
179,207,7
179,208,3
179,245,5
179,247,3
180,6,3
180,157,3
180,159,3
180,160,12
180,161,12
180,163,8
180,247,3
180,248,4
180,249,9
181,1,3
181,23,3
181,25,4
181,68,3
181,154,4
181,157,9
181,158,4
181,161,9
181,162,4
181,164,5
181,165,3
181,227,8
181,250,7
181,254,6
182,15,4
182,65,4
182,66,3
182,67,3
182,68,4
182,69,8
182,70,3
182,80,4
182,135,3
182,158,4
182,162,5
182,163,4
182,164,13
182,165,13
182,189,3
182,236,3
182,253,6
183,66,6
183,67,3
183,68,13
183,69,7
183,70,6
183,99,8
183,100,9
183,101,25
183,102,30
183,162,8
183,163,18
183,164,13
183,165,6
183,210,9
183,246,11
183,247,5
183,248,6
183,249,11
184,66,4
184,67,20
184,68,18
184,69,7
184,71,15
184,72,5
184,99,31
184,100,41
184,101,41
184,102,33
184,162,4
184,163,11
184,164,6
184,165,17
184,166,5
184,210,4
184,211,4
184,247,8
184,248,17
184,249,18
184,250,3
185,2,8
185,66,3
185,67,19
185,68,7
185,69,3
185,71,3
185,72,3
185,99,9
185,100,28
185,101,26
185,102,19
185,105,8
185,106,3
185,156,3
185,159,4
185,161,4
185,162,8
185,163,7
185,164,14
185,165,20
185,222,4
185,249,3
185,251,10
186,13,4
186,60,7
186,61,7
186,62,18
186,67,3
186,68,12
186,99,9
186,100,15
186,101,8
186,102,4
186,103,36
186,104,22
186,105,23
186,106,4
186,161,7
186,162,27
186,163,11
186,164,11
186,165,6
186,166,12
186,224,6
186,226,3
186,247,6
186,248,7
186,251,4
186,252,3
187,60,4
187,61,3
187,62,19
187,99,30
187,100,25
187,101,8
187,102,39
187,103,32
187,104,25
187,105,40
187,161,5
187,162,27
187,163,17
187,164,13
187,165,6
187,199,5
187,239,4
187,246,3
188,83,8
188,84,23
188,85,20
188,86,22
188,87,19
188,88,6
188,98,4
188,99,4
188,100,7
188,101,31
188,102,6
188,103,20
188,104,29
188,105,16
188,106,5
188,161,13
188,162,17
188,163,20
188,164,4
188,165,3
188,166,4
188,174,5
188,175,18
188,204,5
189,83,13
189,84,18
189,85,16
189,86,21
189,87,11
189,97,3
189,100,16
189,101,18
189,102,5
189,103,9
189,104,10
189,105,30
189,106,19
189,162,6
189,163,4
189,164,26
189,165,16
189,166,20
189,174,4
189,175,12
189,190,7
190,84,13
190,85,18
190,86,21
190,87,18
190,88,3
190,89,14
190,92,3
190,100,4
190,101,5
190,102,7
190,104,9
190,105,20
190,106,18
190,138,6
190,164,10
190,165,11
191,49,3
191,86,30
191,87,20
191,88,21
191,89,14
191,92,3
191,93,3
191,104,3
191,105,6
191,106,3
192,8,3
192,37,5
192,39,3
192,40,5
192,50,3
192,86,10
192,87,30
192,88,15
192,89,3
192,90,6
192,93,3
192,102,3
192,104,8
192,138,5
193,1,4
193,3,5
193,5,3
193,6,14
193,7,17
193,8,20
193,35,3
193,38,4
193,39,7
193,50,6
193,86,35
193,87,21
193,88,6
193,89,3
193,103,4
193,105,5
193,139,3
193,153,6
194,2,6
194,3,17
194,4,12
194,5,12
194,6,8
194,57,3
194,74,3
194,75,3
194,86,7
194,153,15
194,249,3
195,1,13
195,2,18
195,3,12
195,4,12
195,17,3
195,37,3
195,102,3
195,108,3
195,109,4
195,110,5
195,150,5
195,151,11
195,152,7
195,153,13
195,241,6
196,1,3
196,2,5
196,3,13
196,4,18
196,5,13
196,9,3
196,18,8
196,73,3
196,108,3
196,151,3
196,152,4
196,223,3
196,224,18
196,225,6
197,9,3
197,73,3
197,74,3
197,100,3
197,106,4
197,107,4
197,113,3
197,137,5
197,223,3
197,224,5
197,225,10
198,72,3
198,73,5
198,103,8
198,106,5
198,115,8
198,164,3
198,167,3
198,202,10
198,223,3
198,224,3
198,240,5
199,7,3
199,44,3
199,103,3
199,161,3
199,202,16
199,229,6
199,235,3
200,7,4
200,13,4
200,44,11
200,45,5
200,203,8
200,204,15
200,206,5
200,207,3
200,208,8
201,1,5
201,6,8
201,33,8
201,44,4
201,49,7
201,203,6
201,204,13
201,205,3
201,206,18
201,207,10
201,208,14
202,0,3
202,6,13
202,47,3
202,49,7
202,50,3
202,109,3
202,185,5
202,200,3
202,202,8
202,203,20
202,207,7
202,208,5
202,226,5
203,0,5
203,7,3
203,8,3
203,11,11
203,47,3
203,48,3
203,49,4
203,50,3
203,51,3
203,90,3
203,162,3
203,171,3
203,199,5
203,203,5
203,204,3
203,207,25
203,208,3
203,209,5
203,224,3
203,225,3
204,7,9
204,8,5
204,10,3
204,11,11
204,51,12
204,52,4
204,79,6
204,89,6
204,90,7
204,109,7
204,162,3
204,202,5
204,205,10
204,207,3
204,208,3
204,250,5
205,7,3
205,8,9
205,9,13
205,10,8
205,11,10
205,88,3
205,147,3
205,161,4
205,162,10
205,163,3
205,205,10
205,251,3
206,8,17
206,9,22
206,10,15
206,11,19
206,12,4
206,76,7
206,77,5
206,78,13
206,79,14
206,88,3
206,108,3
206,112,3
206,162,8
206,163,3
206,193,3
206,205,7
206,206,7
206,242,3
206,245,5
207,9,27
207,10,22
207,11,27
207,12,8
207,74,3
207,77,24
207,78,5
207,79,7
207,88,6
207,111,10
207,113,3
207,163,4
207,205,15
207,206,4
207,207,4
207,241,4
208,9,6
208,10,33
208,11,19
208,12,9
208,74,7
208,77,6
208,111,3
208,117,3
208,135,3
208,205,3
208,207,3
208,245,5
209,10,24
209,11,32
209,12,16
209,13,11
209,17,5
209,65,7
209,66,6
209,74,3
209,79,4
209,86,5
209,117,3
209,180,4
209,183,3
209,219,12
209,242,3
210,10,27
210,11,30
210,12,30
210,13,9
210,19,4
210,74,3
210,92,3
210,112,3
210,143,5
210,144,3
210,201,6
210,204,6
210,210,3
211,10,3
211,11,43
211,12,19
211,19,3
211,42,3
211,49,3
211,75,6
211,87,3
211,88,9
211,89,4
211,110,6
211,142,6
211,143,13
211,218,4
211,219,7
211,220,4
212,11,3
212,13,3
212,74,3
212,75,8
212,87,14
212,88,5
212,90,9
212,91,3
212,92,3
212,111,3
212,114,3
212,143,14
212,144,3
212,218,3
212,219,11
212,245,3
213,20,4
213,34,6
213,75,5
213,86,5
213,88,3
213,89,3
213,94,4
213,109,3
213,110,8
213,112,4
213,143,3
213,166,3
213,167,3
213,218,3
213,248,4
214,24,5
214,25,14
214,26,12
214,34,3
214,35,4
214,36,3
214,38,8
214,42,6
214,48,6
214,85,11
214,86,3
214,87,4
214,110,9
214,114,7
214,115,3
214,167,4
214,216,4
214,217,6
215,25,8
215,26,8
215,37,4
215,62,3
215,63,4
215,114,6
215,115,4
215,120,3
215,165,3
215,166,9
215,167,6
215,200,5
215,218,5
216,0,4
216,34,3
216,62,4
216,63,3
216,74,5
216,93,3
216,114,4
216,167,4
217,44,7
217,45,29
217,46,18
217,47,5
217,48,25
217,63,7
217,92,4
217,93,3
217,109,7
217,110,17
217,111,3
217,112,4
217,156,3
217,167,7
217,209,7
217,232,5
218,0,5
218,18,4
218,19,3
218,44,16
218,45,27
218,46,34
218,47,12
218,48,15
218,49,11
218,64,3
218,89,6
218,92,4
218,110,10
218,111,7
218,112,4
218,113,4
218,117,3
218,124,3
218,173,6
218,202,6
218,218,3
218,246,3
219,0,3
219,1,5
219,17,3
219,18,16
219,19,4
219,27,6
219,41,6
219,42,12
219,43,20
219,44,16
219,45,22
219,46,13
219,47,27
219,48,37
219,49,13
219,115,3
219,158,3
219,192,6
219,205,6
220,0,3
220,14,3
220,15,4
220,16,7
220,17,12
220,41,10
220,42,23
220,43,19
220,44,17
220,45,3
220,46,10
220,47,19
220,48,20
220,90,6
220,126,10
220,192,3
220,243,3
220,244,3
221,1,5
221,16,5
221,17,27
221,22,3
221,25,3
221,41,6
221,42,14
221,43,20
221,44,12
221,45,10
221,46,15
221,47,15
221,48,22
221,49,22
221,77,4
221,78,3
221,79,3
221,112,5
221,113,7
221,119,15
221,171,3
221,172,3
221,248,5
221,253,4
222,15,15
222,17,21
222,24,4
222,41,3
222,42,7
222,43,17
222,44,22
222,45,8
222,46,34
222,47,15
222,48,19
222,49,4
222,60,3
222,78,9
222,113,3
222,119,3
222,156,4
222,250,3
223,1,3
223,17,17
223,18,18
223,20,3
223,28,6
223,29,6
223,43,4
223,44,4
223,46,15
223,47,16
223,48,5
223,49,5
223,79,4
223,154,3
223,168,3
223,194,8
223,219,6
223,220,3
223,238,3
223,247,3
223,251,3
224,17,13
224,18,7
224,19,4
224,23,10
224,24,4
224,25,7
224,26,8
224,27,5
224,29,4
224,45,21
224,46,18
224,47,5
224,79,3
224,122,3
224,126,3
224,153,8
224,154,7
224,210,3
224,219,15
224,220,7
224,222,12
224,223,12
224,224,9
224,246,3
224,250,5
225,17,10
225,18,5
225,19,9
225,20,4
225,24,5
225,27,3
225,45,16
225,46,9
225,47,13
225,48,3
225,57,5
225,58,4
225,59,8
225,154,12
225,210,4
225,218,15
225,219,12
225,220,8
225,221,12
225,222,6
225,223,17
225,224,16
225,225,5
225,230,5
225,250,3
225,251,4
225,254,4
226,17,3
226,18,15
226,19,40
226,20,22
226,21,18
226,22,35
226,23,7
226,24,5
226,45,21
226,46,14
226,47,5
226,48,3
226,70,6
226,72,7
226,120,4
226,145,3
226,153,3
226,154,9
226,173,3
226,210,5
226,214,3
226,218,4
226,219,9
226,220,9
226,221,7
226,222,5
226,244,3
227,17,14
227,18,4
227,19,21
227,20,22
227,21,33
227,22,12
227,23,3
227,31,3
227,45,8
227,46,38
227,47,8
227,48,7
227,117,3
227,118,3
227,121,3
227,152,4
227,153,10
227,154,3
227,186,6
227,219,5
227,220,9
227,221,11
227,222,6
228,18,9
228,19,16
228,20,11
228,21,6
228,22,17
228,23,3
228,30,3
228,31,3
228,46,3
228,71,5
228,129,5
228,220,8
228,222,4
229,17,7
229,18,30
229,19,17
229,20,6
229,21,5
229,22,4
229,120,5
229,122,3
229,123,8
229,162,5
229,166,4
229,190,3
229,192,4
229,220,5
230,0,8
230,18,28
230,19,14
230,84,5
230,85,6
230,92,4
230,121,8
230,122,14
230,123,23
230,128,5
230,180,3
230,188,5
230,192,3
231,18,10
231,19,37
231,20,20
231,85,5
231,86,14
231,121,13
231,122,26
231,123,28
231,124,3
231,186,4
232,16,6
232,18,14
232,19,7
232,20,36
232,85,5
232,86,11
232,87,3
232,95,3
232,117,5
232,120,3
232,121,21
232,122,7
232,123,12
232,127,3
233,18,4
233,20,12
233,21,3
233,22,3
233,61,5
233,86,5
233,115,6
233,120,3
233,121,16
233,122,14
233,123,20
233,155,5
233,156,4
233,212,3
233,234,6
234,21,10
234,24,3
234,34,3
234,116,10
234,118,5
234,121,9
234,122,3
234,123,10
234,156,11
234,157,8
234,159,4
234,160,15
234,161,10
234,232,4
234,234,3
235,2,4
235,21,7
235,98,3
235,99,6
235,100,6
235,103,3
235,117,3
235,118,6
235,119,10
235,120,3
235,121,14
235,122,5
235,124,5
235,125,8
235,127,6
235,156,13
235,157,6
235,160,8
235,161,25
235,162,13
235,201,6
236,2,3
236,3,4
236,21,9
236,23,8
236,24,11
236,27,25
236,100,3
236,101,8
236,102,5
236,103,12
236,104,3
236,122,5
236,123,8
236,124,4
236,126,3
236,132,3
236,155,12
236,156,16
236,157,7
236,158,3
236,159,13
236,160,19
236,161,39
236,162,30
236,163,18
236,164,5
236,212,6
236,215,5
237,2,3
237,21,7
237,22,15
237,23,16
237,24,19
237,102,4
237,103,4
237,104,7
237,124,5
237,156,18
237,157,10
237,158,20
237,159,5
237,160,4
237,161,11
237,162,9
237,163,24
237,164,24
237,165,10
237,173,3
237,174,3
237,215,5
238,2,3
238,21,8
238,22,13
238,23,10
238,24,8
238,25,7
238,100,12
238,101,14
238,103,10
238,104,31
238,119,3
238,149,3
238,155,8
238,156,18
238,157,12
238,158,14
238,159,29
238,160,5
238,163,15
238,164,30
238,165,5
238,170,3
238,173,3
238,214,5
239,25,3
239,26,3
239,29,7
239,55,5
239,88,6
239,98,3
239,100,28
239,101,29
239,102,32
239,103,17
239,104,19
239,105,3
239,122,3
239,126,3
239,153,3
239,155,22
239,157,19
239,158,24
239,159,8
239,160,33
239,161,23
239,162,24
239,163,15
239,164,8
239,165,4
239,173,7
239,174,3
240,26,15
240,55,3
240,100,25
240,101,48
240,102,30
240,103,30
240,104,10
240,105,36
240,106,5
240,126,4
240,150,6
240,151,3
240,152,12
240,153,18
240,154,15
240,155,44
240,156,13
240,157,14
240,158,7
240,159,12
240,160,8
240,161,11
240,162,22
240,174,12
240,177,7
241,19,5
241,26,5
241,90,3
241,101,34
241,102,38
241,103,7
241,104,17
241,105,22
241,106,7
241,107,22
241,108,10
241,109,8
241,126,6
241,127,3
241,150,4
241,152,3
241,153,20
241,154,4
241,155,37
241,156,5
241,157,8
241,158,9
241,159,3
242,4,8
242,101,18
242,102,23
242,103,3
242,105,9
242,106,8
242,107,3
242,108,28
242,109,9
242,110,10
242,152,3
242,153,15
242,154,6
242,155,14
242,157,6
242,158,8
242,159,3
242,250,3
242,251,6
243,4,4
243,79,3
243,85,4
243,103,17
243,104,3
243,105,24
243,106,17
243,107,8
243,108,20
243,109,14
243,110,3
243,125,4
243,153,4
243,154,20
243,155,36
243,156,8
244,86,3
244,102,5
244,103,16
244,104,23
244,105,18
244,106,14
244,107,19
244,108,23
244,109,19
244,110,8
244,111,3
244,127,8
244,153,3
244,154,14
244,155,8
244,157,3
244,158,3
245,103,5
245,104,18
245,105,34
245,106,26
245,107,32
245,108,37
245,109,11
245,126,3
245,153,3
245,209,3
245,211,3
245,212,7
245,222,6
245,223,6
246,24,3
246,25,3
246,31,3
246,103,9
246,104,30
246,105,24
246,106,36
246,107,36
246,108,25
246,130,3
246,211,3
246,221,9
246,222,6
246,223,3
246,246,5
246,247,3
246,250,6
247,103,8
247,104,32
247,105,26
247,106,15
247,107,25
247,108,5
247,131,4
247,177,4
247,200,3
248,37,24
248,38,10
248,62,9
248,102,13
248,104,5
248,106,3
248,107,27
248,108,18
248,176,3
248,177,3
248,178,3
248,189,6
248,222,3
248,249,4
249,35,3
249,36,14
249,37,34
249,38,20
249,106,3
249,107,18
249,111,14
249,176,3
249,212,5
249,221,3
250,8,9
250,18,3
250,35,19
250,36,23
250,37,6
250,38,4
250,67,7
250,213,4
251,6,3
251,7,9
251,9,19
251,16,3
251,34,3
251,35,23
251,36,13
251,102,11
251,103,8
251,208,6
251,213,3
251,214,12
252,6,4
252,7,4
252,8,7
252,10,13
252,34,3
252,35,12
252,36,8
252,101,5
252,102,10
252,103,12
252,109,3
252,135,3
252,214,3
252,215,5
252,248,4
253,7,3
253,8,11
253,9,12
253,10,4
253,17,5
253,34,7
253,36,4
253,37,6
253,73,11
253,74,9
253,75,10
253,88,12
253,89,4
253,103,8
253,111,3
253,172,3
253,204,5
253,214,4
253,215,7
253,216,4
253,249,5
254,6,9
254,7,14
254,8,24
254,9,3
254,14,19
254,15,10
254,16,49
254,17,9
254,30,6
254,35,18
254,74,14
254,75,5
254,87,3
254,88,14
254,89,5
254,90,8
254,102,9
254,103,5
254,115,3
254,170,4
254,172,3
254,215,5
254,217,6
254,250,6
255,5,11
255,6,28
255,7,30
255,8,14
255,9,3
255,11,3
255,12,15
255,13,33
255,14,44
255,15,41
255,16,44
255,17,33
255,28,6
255,30,5
255,70,4
255,73,4
255,83,6
255,84,18
255,85,13
255,86,3
255,87,17
255,88,3
255,89,14
255,90,9
255,102,3
255,103,4
255,105,3
255,132,10
255,170,5
255,172,9
255,250,3